[
  {
    "name": "theme_info",
    "theme_name": "Boundless",
    "theme_author": "Shopify",
    "theme_version": "10.6.1",
    "theme_documentation_url": "https://help.shopify.com/manual/using-themes/themes-by-shopify/boundless",
    "theme_support_url": "https://support.shopify.com/"
  },
  {
    "name": {
      "cs": "Barvy",
      "da": "Farver",
      "de": "Farben",
      "en": "Colors",
      "es": "Colores",
      "fi": "Värit",
      "fr": "Couleurs",
      "it": "Colori",
      "ja": "色",
      "ko": "색상",
      "nb": "Farger",
      "nl": "Kleuren",
      "pl": "Kolory",
      "pt-BR": "Cores",
      "pt-PT": "Cores",
      "sv": "Färger",
      "th": "สี",
      "tr": "Renkler",
      "vi": "Màu sắc",
      "zh-CN": "颜色",
      "zh-TW": "色彩"
    },
    "settings": [
      {
        "type": "header",
        "content": {
          "cs": "Obecné",
          "da": "Generelt",
          "de": "Allgemein",
          "en": "General",
          "es": "General",
          "fi": "Yleistä",
          "fr": "Général",
          "it": "Generali",
          "ja": "一般設定",
          "ko": "일반",
          "nb": "Generelt",
          "nl": "Algemeen",
          "pl": "Ogólne",
          "pt-BR": "Geral",
          "pt-PT": "Geral",
          "sv": "Allmänt",
          "th": "ทั่วไป",
          "tr": "Genel",
          "vi": "Tổng quan",
          "zh-CN": "通用",
          "zh-TW": "一般"
        }
      },
      {
        "type": "color",
        "id": "color_body_bg",
        "label": {
          "cs": "Pozadí",
          "da": "Baggrund",
          "de": "Hintergrund",
          "en": "Background",
          "es": "Fondo",
          "fi": "Tausta",
          "fr": "Arrière-plan",
          "it": "Sfondo",
          "ja": "背景",
          "ko": "배경",
          "nb": "Bakgrunn",
          "nl": "Achtergrond",
          "pl": "Tło",
          "pt-BR": "Plano de fundo",
          "pt-PT": "Fundo",
          "sv": "Bakgrund",
          "th": "พื้นหลัง",
          "tr": "Arka plan",
          "vi": "Nền",
          "zh-CN": "背景",
          "zh-TW": "背景"
        },
        "default": "#fff"
      },
      {
        "type": "color",
        "id": "color_body_headings",
        "label": {
          "cs": "Nadpisy",
          "da": "Overskrifter",
          "de": "Titel",
          "en": "Headings",
          "es": "Títulos",
          "fi": "Otsikot",
          "fr": "Titres",
          "it": "Titoli",
          "ja": "見出し",
          "ko": "제목",
          "nb": "Overskrifter",
          "nl": "Koppen",
          "pl": "Nagłówki",
          "pt-BR": "Títulos",
          "pt-PT": "Títulos",
          "sv": "Rubriker",
          "th": "ส่วนหัว",
          "tr": "Başlıklar",
          "vi": "Tiêu đề",
          "zh-CN": "标题",
          "zh-TW": "標題"
        },
        "default": "#000"
      },
      {
        "type": "color",
        "id": "color_body_text",
        "label": {
          "cs": "Text",
          "da": "Tekst",
          "de": "Text",
          "en": "Text",
          "es": "Texto",
          "fi": "Teksti",
          "fr": "Texte",
          "it": "Testo",
          "ja": "テキスト",
          "ko": "텍스트",
          "nb": "Tekst",
          "nl": "Tekst",
          "pl": "Tekst",
          "pt-BR": "Texto",
          "pt-PT": "Texto",
          "sv": "Text",
          "th": "ข้อความ",
          "tr": "Metin",
          "vi": "Văn bản",
          "zh-CN": "文本",
          "zh-TW": "文字"
        },
        "default": "#000"
      },
      {
        "type": "color",
        "id": "color_body_links",
        "label": {
          "cs": "Odkazy a zvýraznění",
          "da": "Links og markeringer",
          "de": "Links und Akzente",
          "en": "Links and accents",
          "es": "Enlaces y acentos",
          "fi": "Linkit ja korostukset",
          "fr": "Liens et accents",
          "it": "Link ed elementi in risalto",
          "ja": "リンクとアクセント",
          "ko": "링크 및 악센트",
          "nb": "Koblinger og uthevinger",
          "nl": "Links en accenten",
          "pl": "Linki i akcenty",
          "pt-BR": "Links e destaques",
          "pt-PT": "Ligações e destaques",
          "sv": "Länkar och accenter",
          "th": "ลิงก์และการเน้น",
          "tr": "Bağlantılar ve vurgular",
          "vi": "Liên kết và chữ nổi bật",
          "zh-CN": "链接和主题",
          "zh-TW": "連結和強調"
        },
        "default": "#000"
      },
      {
        "type": "color",
        "id": "color_button_bg",
        "label": {
          "cs": "Tlačítka",
          "da": "Knapper",
          "de": "Schaltflächen",
          "en": "Buttons",
          "es": "Botones",
          "fi": "Painikkeet",
          "fr": "Boutons",
          "it": "Pulsanti",
          "ja": "ボタン",
          "ko": "버튼",
          "nb": "Knapper",
          "nl": "Knoppen",
          "pl": "Przyciski",
          "pt-BR": "Botões",
          "pt-PT": "Botões",
          "sv": "Knappar",
          "th": "ปุ่ม",
          "tr": "Düğmeler",
          "vi": "Nút",
          "zh-CN": "按钮",
          "zh-TW": "按鈕"
        },
        "default": "#000"
      },
      {
        "type": "color",
        "id": "color_button_text",
        "label": {
          "cs": "Text tlačítka",
          "da": "Knaptekst",
          "de": "Schaltflächentext",
          "en": "Button text",
          "es": "Botón de texto",
          "fi": "Painikkeen teksti",
          "fr": "Texte du bouton",
          "it": "Testo pulsante",
          "ja": "ボタンテキスト",
          "ko": "버튼 텍스트",
          "nb": "Knapptekst",
          "nl": "Knoptekst",
          "pl": "Tekst przycisku",
          "pt-BR": "Texto do botão",
          "pt-PT": "Texto do botão",
          "sv": "Knapptext",
          "th": "ข้อความปุ่ม",
          "tr": "Düğme metni",
          "vi": "Chữ trên nút",
          "zh-CN": "按钮文字",
          "zh-TW": "按鈕文字"
        },
        "default": "#fff"
      },
      {
        "type": "color",
        "id": "color_sale_badge",
        "label": {
          "cs": "Štítky označující slevu",
          "da": "Salgstags",
          "de": "Angebots-Tags",
          "en": "Sale tags",
          "es": "Etiquetas de venta",
          "fi": "Alennusmyyntitunnisteet",
          "fr": "Balises de réduction",
          "it": "Tag offerta",
          "ja": "販売タグ",
          "ko": "판매 태그",
          "nb": "Salgstagger",
          "nl": "Verkoop-tags",
          "pl": "Tagi wyprzedaży",
          "pt-BR": "Tags de venda",
          "pt-PT": "Etiquetas de venda",
          "sv": "Reataggar",
          "th": "แถบป้ายแสดงการลดราคา",
          "tr": "İndirim etiketleri",
          "vi": "Thẻ giảm giá",
          "zh-CN": "销售标签",
          "zh-TW": "銷售標籤"
        },
        "default": "#000"
      },
      {
        "type": "color",
        "id": "color_borders",
        "label": {
          "cs": "Ohraničení a čáry",
          "da": "Kanter og beskæringer",
          "de": "Rahmen und Linien",
          "en": "Borders and lines",
          "es": "Bordes y líneas",
          "fi": "Rajat ja viivat",
          "fr": "Bordures et lignes",
          "it": "Bordi e linee",
          "ja": "罫線と線",
          "ko": "테두리 및 라인",
          "nb": "Border og linjer",
          "nl": "Randen en lijnen",
          "pl": "Obramowania i linie",
          "pt-BR": "Bordas e linhas",
          "pt-PT": "Limites e linhas",
          "sv": "Gränser och linjer",
          "th": "เส้นขอบและบรรทัด",
          "tr": "Kenarlıklar ve çizgiler",
          "vi": "Đường viền và đường kẻ",
          "zh-CN": "边框和线条",
          "zh-TW": "邊框和線條"
        },
        "default": "#eceff1"
      },
      {
        "type": "header",
        "content": {
          "cs": "Navigace",
          "da": "Navigation",
          "de": "navigation",
          "en": "Navigation",
          "es": "Navegación",
          "fi": "Navigointi",
          "fr": "Navigation",
          "it": "Navigazione",
          "ja": "メニュー",
          "ko": "탐색",
          "nb": "Navigasjon",
          "nl": "Navigatie",
          "pl": "Nawigacja",
          "pt-BR": "Navegação",
          "pt-PT": "Navegação",
          "sv": "Navigering",
          "th": "การนำทาง",
          "tr": "Gezinme",
          "vi": "Menu điều hướng",
          "zh-CN": "网站地图",
          "zh-TW": "導覽"
        }
      },
      {
        "type": "color",
        "id": "color_nav_bg",
        "label": {
          "cs": "Pozadí",
          "da": "Baggrund",
          "de": "Hintergrund",
          "en": "Background",
          "es": "Fondo",
          "fi": "Tausta",
          "fr": "Arrière-plan",
          "it": "Sfondo",
          "ja": "背景",
          "ko": "배경",
          "nb": "Bakgrunn",
          "nl": "Achtergrond",
          "pl": "Tło",
          "pt-BR": "Plano de fundo",
          "pt-PT": "Fundo",
          "sv": "Bakgrund",
          "th": "พื้นหลัง",
          "tr": "Arka plan",
          "vi": "Nền",
          "zh-CN": "背景",
          "zh-TW": "背景"
        },
        "default": "#000"
      },
      {
        "type": "color",
        "id": "color_nav_text",
        "label": {
          "cs": "Text",
          "da": "Tekst",
          "de": "Text",
          "en": "Text",
          "es": "Texto",
          "fi": "Teksti",
          "fr": "Texte",
          "it": "Testo",
          "ja": "テキスト",
          "ko": "텍스트",
          "nb": "Tekst",
          "nl": "Tekst",
          "pl": "Tekst",
          "pt-BR": "Texto",
          "pt-PT": "Texto",
          "sv": "Text",
          "th": "ข้อความ",
          "tr": "Metin",
          "vi": "Văn bản",
          "zh-CN": "文本",
          "zh-TW": "文字"
        },
        "default": "#fff"
      },
      {
        "type": "color",
        "id": "color_action_bar_bg",
        "label": {
          "cs": "Sekundární panel",
          "da": "Sekundær bjælke",
          "de": "Sekundäre Leiste",
          "en": "Secondary bar",
          "es": "Barra secundaria",
          "fi": "Toissijainen palkki",
          "fr": "Barre secondaire",
          "it": "Barra secondaria",
          "ja": "サブバー",
          "ko": "보조 바",
          "nb": "Sekundær linje",
          "nl": "Secundaire balk",
          "pl": "Dodatkowy pasek",
          "pt-BR": "Barra secundária",
          "pt-PT": "Barra secundária",
          "sv": "Sekundärt fält",
          "th": "แถบรอง",
          "tr": "İkincil çubuk",
          "vi": "Thanh phụ",
          "zh-CN": "辅助栏",
          "zh-TW": "次要列"
        },
        "default": "#000"
      },
      {
        "type": "color",
        "id": "color_action_bar_text",
        "label": {
          "cs": "Sekundární odkaz",
          "da": "Sekundært link",
          "de": "Sekundärer Link",
          "en": "Secondary link",
          "es": "Enlace secundario",
          "fi": "Toissijainen linkki",
          "fr": "Lien secondaire",
          "it": "Link secondario",
          "ja": "サブリンク",
          "ko": "보조 링크",
          "nb": "Sekundær kobling",
          "nl": "Secundaire link",
          "pl": "Dodatkowy link",
          "pt-BR": "Link secundário",
          "pt-PT": "Ligação secundária",
          "sv": "Sekundär länk",
          "th": "ลิงก์รอง",
          "tr": "İkincil bağlantı",
          "vi": "Liên kết phụ",
          "zh-CN": "辅助链接",
          "zh-TW": "次要連結"
        },
        "default": "#fff"
      },
      {
        "type": "color",
        "id": "color_action_bar_text_active",
        "label": {
          "cs": "Aktivní sekundární odkaz",
          "da": "Sekundært aktivt link",
          "de": "Sekundärer Link aktiv",
          "en": "Secondary link active",
          "es": "Enlace secundario activo",
          "fi": "Toissijainen linkki aktiivinen",
          "fr": "Lien secondaire actif",
          "it": "Link secondario attivo",
          "ja": "サブリンクアクティブ",
          "ko": "보조 링크 활성",
          "nb": "Sekundær kobling aktiv",
          "nl": "Secundaire balk",
          "pl": "Dodatkowy link jest aktywny",
          "pt-BR": "Link secundário ativo",
          "pt-PT": "Ligação secundária ativa",
          "sv": "Sekundär länk aktiv",
          "th": "ลิงก์รองทำงานอยู่",
          "tr": "İkincil link etkin",
          "vi": "Liên kết phụ đang hoạt động",
          "zh-CN": "辅助链接有效",
          "zh-TW": "次要連結有效"
        },
        "default": "#fff"
      },
      {
        "type": "header",
        "content": {
          "cs": "Zásuvky",
          "da": "Skuffer",
          "de": "Einschübe",
          "en": "Drawers",
          "es": "Cajones",
          "fi": "Laatikot",
          "fr": "Tiroirs",
          "it": "Finestre",
          "ja": "ドロワー",
          "ko": "등록기",
          "nb": "Skuffer",
          "nl": "Ladens",
          "pl": "Szuflady",
          "pt-BR": "Caixas registradoras",
          "pt-PT": "Gavetas",
          "sv": "Lådor",
          "th": "ลิ้นชัก",
          "tr": "Çekmeceler",
          "vi": "Ngăn",
          "zh-CN": "抽屉",
          "zh-TW": "收銀機"
        }
      },
      {
        "type": "color",
        "id": "color_drawer_bg",
        "label": {
          "cs": "Pozadí",
          "da": "Baggrund",
          "de": "Hintergrund",
          "en": "Background",
          "es": "Fondo",
          "fi": "Tausta",
          "fr": "Arrière-plan",
          "it": "Sfondo",
          "ja": "背景",
          "ko": "배경",
          "nb": "Bakgrunn",
          "nl": "Achtergrond",
          "pl": "Tło",
          "pt-BR": "Plano de fundo",
          "pt-PT": "Fundo",
          "sv": "Bakgrund",
          "th": "พื้นหลัง",
          "tr": "Arka plan",
          "vi": "Nền",
          "zh-CN": "背景",
          "zh-TW": "背景"
        },
        "default": "#f6f6f6"
      },
      {
        "type": "color",
        "id": "color_drawer_text",
        "label": {
          "cs": "Text",
          "da": "Tekst",
          "de": "Text",
          "en": "Text",
          "es": "Texto",
          "fi": "Teksti",
          "fr": "Texte",
          "it": "Testo",
          "ja": "テキスト",
          "ko": "텍스트",
          "nb": "Tekst",
          "nl": "Tekst",
          "pl": "Tekst",
          "pt-BR": "Texto",
          "pt-PT": "Texto",
          "sv": "Text",
          "th": "ข้อความ",
          "tr": "Metin",
          "vi": "Văn bản",
          "zh-CN": "文本",
          "zh-TW": "文字"
        },
        "default": "#333333"
      },
      {
        "type": "header",
        "content": {
          "cs": "Zápatí",
          "da": "Sidefod",
          "de": "Fußzeile",
          "en": "Footer",
          "es": "Pie de página",
          "fi": "Alatunniste",
          "fr": "Bas de page",
          "it": "Footer",
          "ja": "フッター",
          "ko": "바닥글",
          "nb": "Footer",
          "nl": "Voettekst",
          "pl": "Stopka",
          "pt-BR": "Rodapé",
          "pt-PT": "Rodapé",
          "sv": "Sidfot",
          "th": "ส่วนท้าย",
          "tr": "Altbilgi",
          "vi": "Chân trang",
          "zh-CN": "页脚",
          "zh-TW": "頁尾"
        }
      },
      {
        "type": "color",
        "id": "color_footer_bg",
        "label": {
          "cs": "Pozadí",
          "da": "Baggrund",
          "de": "Hintergrund",
          "en": "Background",
          "es": "Fondo",
          "fi": "Tausta",
          "fr": "Arrière-plan",
          "it": "Sfondo",
          "ja": "背景",
          "ko": "배경",
          "nb": "Bakgrunn",
          "nl": "Achtergrond",
          "pl": "Tło",
          "pt-BR": "Plano de fundo",
          "pt-PT": "Fundo",
          "sv": "Bakgrund",
          "th": "พื้นหลัง",
          "tr": "Arka plan",
          "vi": "Nền",
          "zh-CN": "背景",
          "zh-TW": "背景"
        },
        "default": "#000"
      },
      {
        "type": "color",
        "id": "color_footer_text",
        "label": {
          "cs": "Text",
          "da": "Tekst",
          "de": "Text",
          "en": "Text",
          "es": "Texto",
          "fi": "Teksti",
          "fr": "Texte",
          "it": "Testo",
          "ja": "テキスト",
          "ko": "텍스트",
          "nb": "Tekst",
          "nl": "Tekst",
          "pl": "Tekst",
          "pt-BR": "Texto",
          "pt-PT": "Texto",
          "sv": "Text",
          "th": "ข้อความ",
          "tr": "Metin",
          "vi": "Văn bản",
          "zh-CN": "文本",
          "zh-TW": "文字"
        },
        "default": "#fff"
      }
    ]
  },
  {
    "name": {
      "cs": "Typografie",
      "da": "Typografi",
      "de": "Typografie",
      "en": "Typography",
      "es": "Tipografía",
      "fi": "Typografia",
      "fr": "Typographie",
      "it": "Caratteri tipografici",
      "ja": "タイポグラフィー",
      "ko": "입력 체계",
      "nb": "Typografi",
      "nl": "Typografie",
      "pl": "Typografia",
      "pt-BR": "Tipografia",
      "pt-PT": "Tipografia",
      "sv": "Typografi",
      "th": "ตัวพิมพ์",
      "tr": "Tipografi",
      "vi": "Kiểu chữ",
      "zh-CN": "版式",
      "zh-TW": "印刷樣式"
    },
    "settings": [
      {
        "type": "header",
        "content": {
          "cs": "Nadpisy",
          "da": "Overskrifter",
          "de": "Titel",
          "en": "Headings",
          "es": "Títulos",
          "fi": "Otsikot",
          "fr": "Titres",
          "it": "Titoli",
          "ja": "見出し",
          "ko": "제목",
          "nb": "Overskrifter",
          "nl": "Koppen",
          "pl": "Nagłówki",
          "pt-BR": "Títulos",
          "pt-PT": "Títulos",
          "sv": "Rubriker",
          "th": "ส่วนหัว",
          "tr": "Başlıklar",
          "vi": "Tiêu đề",
          "zh-CN": "标题",
          "zh-TW": "標題"
        }
      },
      {
        "type": "font_picker",
        "id": "type_header_family",
        "label": {
          "cs": "Písmo",
          "da": "Skrifttype",
          "de": "Schriftart",
          "en": "Font",
          "es": "Fuente",
          "fi": "Fontti",
          "fr": "Police",
          "it": "Font",
          "ja": "フォント",
          "ko": "글꼴",
          "nb": "Skrifttype",
          "nl": "Lettertype",
          "pl": "Czcionka",
          "pt-BR": "Fonte",
          "pt-PT": "Tipo de letra",
          "sv": "Typsnitt",
          "th": "แบบอักษร",
          "tr": "Yazı tipi",
          "vi": "Phông chữ",
          "zh-CN": "字体",
          "zh-TW": "字型"
        },
        "default": "karla_n7"
      },
      {
        "type": "select",
        "id": "type_header_base_size",
        "label": {
          "cs": "Základní velikost",
          "da": "Basisstørrelse",
          "de": "Basisgröße",
          "en": "Base size",
          "es": "Tamaño de base",
          "fi": "Peruskoko",
          "fr": "Taille de base",
          "it": "Dimensione base",
          "ja": "基本サイズ",
          "ko": "기본 사이즈",
          "nb": "Grunnstørrelse",
          "nl": "Basisafmeting",
          "pl": "Podstawowy rozmiar",
          "pt-BR": "Tamanho básico",
          "pt-PT": "Tamanho básico",
          "sv": "Basstorlek",
          "th": "ขนาดพื้นฐาน",
          "tr": "Temel boyutu",
          "vi": "Cỡ cơ sở",
          "zh-CN": "基本尺寸",
          "zh-TW": "基本尺寸"
        },
        "options": [
          {
            "value": "20px",
            "label": {
              "cs": "20 px",
              "da": "20 px",
              "de": "20px",
              "en": "20px",
              "es": "20px",
              "fi": "20 pikseliä",
              "fr": "20 px",
              "it": "20 px",
              "ja": "20ピクセル",
              "ko": "20픽셀",
              "nb": "20px",
              "nl": "20px",
              "pl": "20 px",
              "pt-BR": "20px",
              "pt-PT": "20 px",
              "sv": "20 px",
              "th": "20 พิกเซล",
              "tr": "20 piksel",
              "vi": "20px",
              "zh-CN": "20 px",
              "zh-TW": "20 像素"
            }
          },
          {
            "value": "21px",
            "label": {
              "cs": "21 px",
              "da": "21 px",
              "de": "21px",
              "en": "21px",
              "es": "21px",
              "fi": "21 pikseliä",
              "fr": "21 px",
              "it": "21 px",
              "ja": "21ピクセル",
              "ko": "21픽셀",
              "nb": "21px",
              "nl": "21px",
              "pl": "21 px",
              "pt-BR": "21px",
              "pt-PT": "21 px",
              "sv": "21 px",
              "th": "21 พิกเซล",
              "tr": "21 piksel",
              "vi": "21px",
              "zh-CN": "21 px",
              "zh-TW": "21 像素"
            }
          },
          {
            "value": "22px",
            "label": {
              "cs": "22 px",
              "da": "22 px",
              "de": "22px",
              "en": "22px",
              "es": "22px",
              "fi": "22 pikseliä",
              "fr": "22 px",
              "it": "22 px",
              "ja": "22ピクセル",
              "ko": "22픽셀",
              "nb": "22px",
              "nl": "22px",
              "pl": "22 px",
              "pt-BR": "22px",
              "pt-PT": "22 px",
              "sv": "22 px",
              "th": "22 พิกเซล",
              "tr": "22 piksel",
              "vi": "22px",
              "zh-CN": "22 px",
              "zh-TW": "22 像素"
            }
          },
          {
            "value": "23px",
            "label": {
              "cs": "23 px",
              "da": "23 px",
              "de": "23px",
              "en": "23px",
              "es": "23px",
              "fi": "23 pikseliä",
              "fr": "23 px",
              "it": "23 px",
              "ja": "23ピクセル",
              "ko": "23픽셀",
              "nb": "23px",
              "nl": "23px",
              "pl": "23 px",
              "pt-BR": "23px",
              "pt-PT": "23 px",
              "sv": "23 px",
              "th": "23 พิกเซล",
              "tr": "23 piksel",
              "vi": "23px",
              "zh-CN": "23 px",
              "zh-TW": "23 像素"
            }
          },
          {
            "value": "24px",
            "label": {
              "cs": "24 px",
              "da": "24 px",
              "de": "24px",
              "en": "24px",
              "es": "24px",
              "fi": "24 pikseliä",
              "fr": "24 px",
              "it": "24 px",
              "ja": "24ピクセル",
              "ko": "24픽셀",
              "nb": "24px",
              "nl": "24px",
              "pl": "24 px",
              "pt-BR": "24px",
              "pt-PT": "24 px",
              "sv": "24 px",
              "th": "24 พิกเซล",
              "tr": "24 piksel",
              "vi": "24px",
              "zh-CN": "24 px",
              "zh-TW": "24 像素"
            }
          },
          {
            "value": "25px",
            "label": {
              "cs": "25 px",
              "da": "25 px",
              "de": "25px",
              "en": "25px",
              "es": "25px",
              "fi": "25 pikseliä",
              "fr": "25 px",
              "it": "25 px",
              "ja": "25ピクセル",
              "ko": "25픽셀",
              "nb": "25px",
              "nl": "25px",
              "pl": "25 px",
              "pt-BR": "25px",
              "pt-PT": "25 px",
              "sv": "25 px",
              "th": "25 พิกเซล",
              "tr": "25 piksel",
              "vi": "25px",
              "zh-CN": "25 px",
              "zh-TW": "25 像素"
            }
          },
          {
            "value": "26px",
            "label": {
              "cs": "26 px",
              "da": "26 px",
              "de": "26px",
              "en": "26px",
              "es": "26px",
              "fi": "26 pikseliä",
              "fr": "26 px",
              "it": "26 px",
              "ja": "26ピクセル",
              "ko": "26픽셀",
              "nb": "26px",
              "nl": "26px",
              "pl": "25 px",
              "pt-BR": "26px",
              "pt-PT": "26 px",
              "sv": "26 px",
              "th": "26px",
              "tr": "26 piksel",
              "vi": "26px",
              "zh-CN": "26 px",
              "zh-TW": "26 像素"
            }
          },
          {
            "value": "27px",
            "label": {
              "cs": "27 px",
              "da": "27 px",
              "de": "27px",
              "en": "27px",
              "es": "27px",
              "fi": "27 pikseliä",
              "fr": "27 px",
              "it": "27 px",
              "ja": "27ピクセル",
              "ko": "27픽셀",
              "nb": "27px",
              "nl": "27px",
              "pl": "27 px",
              "pt-BR": "27px",
              "pt-PT": "27 px",
              "sv": "27 px",
              "th": "27 พิกเซล",
              "tr": "27 piksel",
              "vi": "27px",
              "zh-CN": "27 px",
              "zh-TW": "27 像素"
            }
          },
          {
            "value": "28px",
            "label": {
              "cs": "28 px",
              "da": "28 px",
              "de": "28px",
              "en": "28px",
              "es": "28px",
              "fi": "28 pikseliä",
              "fr": "28 px",
              "it": "28 px",
              "ja": "28ピクセル",
              "ko": "28픽셀",
              "nb": "28px",
              "nl": "28px",
              "pl": "28 px",
              "pt-BR": "28px",
              "pt-PT": "28 px",
              "sv": "28 px",
              "th": "28px",
              "tr": "28 piksel",
              "vi": "28px",
              "zh-CN": "28 px",
              "zh-TW": "28 像素"
            }
          }
        ]
      },
      {
        "type": "select",
        "id": "type_button_base_size",
        "label": {
          "cs": "Velikost tlačítek a navigace",
          "da": "Navigation og knapstørrelse",
          "de": "Navigations- und Schaltflächengröße",
          "en": "Navigation and button size",
          "es": "Tamaño de navegación y botón",
          "fi": "Navigointi ja painikkeen koko",
          "fr": "Navigation et taille du bouton",
          "it": "Dimensione navigazione e pulsanti",
          "ja": "メニューとボタンのサイズ",
          "ko": "탐색 및 버튼 사이즈",
          "nb": "Navigasjon og knappestørrelse",
          "nl": "Navigatie en knopgrootte",
          "pl": "Nawigacja i rozmiar przycisku",
          "pt-BR": "Navegação e tamanho do botão",
          "pt-PT": "Navegação e tamanho dos botões",
          "sv": "Navigering och knappstorlek",
          "th": "การนำทางและขนาดปุ่ม",
          "tr": "Gezinme ve düğme boyutu",
          "vi": "Cỡ menu điều hướng và nút",
          "zh-CN": "网站地图和按钮大小",
          "zh-TW": "導覽與按鈕尺寸"
        },
        "options": [
          {
            "value": "14px",
            "label": {
              "cs": "14 px",
              "da": "14 px",
              "de": "14px",
              "en": "14px",
              "es": "14px",
              "fi": "14 pikseliä",
              "fr": "14 px",
              "it": "14 px",
              "ja": "14ピクセル",
              "ko": "14픽셀",
              "nb": "14px",
              "nl": "14px",
              "pl": "14 px",
              "pt-BR": "14px",
              "pt-PT": "14 px",
              "sv": "14 px",
              "th": "14px",
              "tr": "14 piksel",
              "vi": "14px",
              "zh-CN": "14 px",
              "zh-TW": "14px"
            }
          },
          {
            "value": "15px",
            "label": {
              "cs": "15 px",
              "da": "15 px",
              "de": "15px",
              "en": "15px",
              "es": "15px",
              "fi": "15 pikseliä",
              "fr": "15 px",
              "it": "15 px",
              "ja": "15ピクセル",
              "ko": "15픽셀",
              "nb": "15px",
              "nl": "15px",
              "pl": "15 px",
              "pt-BR": "15px",
              "pt-PT": "15 px",
              "sv": "15 px",
              "th": "15px",
              "tr": "15 piksel",
              "vi": "15px",
              "zh-CN": "15 px",
              "zh-TW": "15px"
            }
          },
          {
            "value": "16px",
            "label": {
              "cs": "16 px",
              "da": "16 px",
              "de": "16px",
              "en": "16px",
              "es": "16px",
              "fi": "16 pikseliä",
              "fr": "16 px",
              "it": "16 px",
              "ja": "16ピクセル",
              "ko": "16픽셀",
              "nb": "16px",
              "nl": "16px",
              "pl": "16 px",
              "pt-BR": "16px",
              "pt-PT": "16 px",
              "sv": "16 px",
              "th": "16px",
              "tr": "16 piksel",
              "vi": "16px",
              "zh-CN": "16 px",
              "zh-TW": "16px"
            }
          },
          {
            "value": "17px",
            "label": {
              "cs": "17 px",
              "da": "17 px",
              "de": "17px",
              "en": "17px",
              "es": "17px",
              "fi": "17 pikseliä",
              "fr": "17 px",
              "it": "17 px",
              "ja": "17ピクセル",
              "ko": "17픽셀",
              "nb": "17px",
              "nl": "17px",
              "pl": "17 px",
              "pt-BR": "17px",
              "pt-PT": "17 px",
              "sv": "17 px",
              "th": "17px",
              "tr": "17 piksel",
              "vi": "17px",
              "zh-CN": "17 px",
              "zh-TW": "17px"
            }
          },
          {
            "value": "18px",
            "label": {
              "cs": "18 px",
              "da": "18 px",
              "de": "18px",
              "en": "18px",
              "es": "18px",
              "fi": "18 pikseliä",
              "fr": "18 px",
              "it": "18 px",
              "ja": "18ピクセル",
              "ko": "18픽셀",
              "nb": "18px",
              "nl": "18px",
              "pl": "18 px",
              "pt-BR": "18px",
              "pt-PT": "18 px",
              "sv": "18 px",
              "th": "18px",
              "tr": "18 piksel",
              "vi": "18px",
              "zh-CN": "18 px",
              "zh-TW": "18px"
            }
          },
          {
            "value": "19px",
            "label": {
              "cs": "19 px",
              "da": "19 px",
              "de": "19px",
              "en": "19px",
              "es": "19px",
              "fi": "19 pikseliä",
              "fr": "19 px",
              "it": "19 px",
              "ja": "19ピクセル",
              "ko": "19픽셀",
              "nb": "19px",
              "nl": "19px",
              "pl": "19 px",
              "pt-BR": "19px",
              "pt-PT": "19 px",
              "sv": "19 px",
              "th": "19px",
              "tr": "19 piksel",
              "vi": "19px",
              "zh-CN": "19 px",
              "zh-TW": "19px"
            }
          },
          {
            "value": "20px",
            "label": {
              "cs": "20 px",
              "da": "20 px",
              "de": "20px",
              "en": "20px",
              "es": "20px",
              "fi": "20 pikseliä",
              "fr": "20 px",
              "it": "20 px",
              "ja": "20ピクセル",
              "ko": "20픽셀",
              "nb": "20px",
              "nl": "20px",
              "pl": "20 px",
              "pt-BR": "20px",
              "pt-PT": "20 px",
              "sv": "20 px",
              "th": "20 พิกเซล",
              "tr": "20 piksel",
              "vi": "20px",
              "zh-CN": "20 px",
              "zh-TW": "20 像素"
            }
          },
          {
            "value": "21px",
            "label": {
              "cs": "21 px",
              "da": "21 px",
              "de": "21px",
              "en": "21px",
              "es": "21px",
              "fi": "21 pikseliä",
              "fr": "21 px",
              "it": "21 px",
              "ja": "21ピクセル",
              "ko": "21픽셀",
              "nb": "21px",
              "nl": "21px",
              "pl": "21 px",
              "pt-BR": "21px",
              "pt-PT": "21 px",
              "sv": "21 px",
              "th": "21 พิกเซล",
              "tr": "21 piksel",
              "vi": "21px",
              "zh-CN": "21 px",
              "zh-TW": "21 像素"
            }
          },
          {
            "value": "22px",
            "label": {
              "cs": "22 px",
              "da": "22 px",
              "de": "22px",
              "en": "22px",
              "es": "22px",
              "fi": "22 pikseliä",
              "fr": "22 px",
              "it": "22 px",
              "ja": "22ピクセル",
              "ko": "22픽셀",
              "nb": "22px",
              "nl": "22px",
              "pl": "22 px",
              "pt-BR": "22px",
              "pt-PT": "22 px",
              "sv": "22 px",
              "th": "22 พิกเซล",
              "tr": "22 piksel",
              "vi": "22px",
              "zh-CN": "22 px",
              "zh-TW": "22 像素"
            }
          }
        ]
      },
      {
        "type": "checkbox",
        "id": "type_header_transform",
        "label": {
          "cs": "Nastavit velká písmena",
          "da": "Skriv teksten med store bogstaver",
          "de": "Text groß schreiben",
          "en": "Capitalize text",
          "es": "Poner texto en mayúsculas",
          "fi": "Kirjoita isoilla kirjaimilla",
          "fr": "Mettre le texte en majuscules",
          "it": "Testo maiuscolo",
          "ja": "テキストを大文字にする",
          "ko": "대문자 표기",
          "nb": "Kapitaliser tekst",
          "nl": "Tekst kapitaliseren",
          "pl": "Użyj wielkich liter",
          "pt-BR": "Texto em maiúscula",
          "pt-PT": "Colocar texto em maiúsculas",
          "sv": "Skriv text med versal",
          "th": "ใช้อักษรตัวพิมพ์ใหญ่",
          "tr": "Metin harflerini büyüt",
          "vi": "Viết hoa văn bản",
          "zh-CN": "大写文本",
          "zh-TW": "將文字大寫"
        }
      },
      {
        "type": "select",
        "id": "type_header_spacing",
        "label": {
          "cs": "Proložení znaků",
          "da": "Afstand mellem bogstaver",
          "de": "Buchstabenabstand",
          "en": "Letter spacing",
          "es": "Espaciado de letras",
          "fi": "Kirjainväli",
          "fr": "Espacement des lettres",
          "it": "Spaziatura dei caratteri",
          "ja": "文字間隔",
          "ko": "문자 간격",
          "nb": "Bokstavavstand",
          "nl": "Letterspatiëring",
          "pl": "Odstęp między literami",
          "pt-BR": "Espaçamento entre letras",
          "pt-PT": "Espaçamento entre letras",
          "sv": "Teckenavstånd",
          "th": "ระยะห่างตัวอักษร",
          "tr": "Harf boşluğu",
          "vi": "Giãn cách chữ",
          "zh-CN": "字母间距",
          "zh-TW": "字母間距"
        },
        "options": [
          {
            "value": "none",
            "label": {
              "cs": "Žádné",
              "da": "Ingen",
              "de": "Keine",
              "en": "None",
              "es": "Ninguno",
              "fi": "Ei mitään",
              "fr": "Aucune",
              "it": "Nessuno",
              "ja": "なし",
              "ko": "없음",
              "nb": "Ingen",
              "nl": "Geen",
              "pl": "Brak",
              "pt-BR": "Nenhum",
              "pt-PT": "Nenhum",
              "sv": "Inga",
              "th": "ไม่มี",
              "tr": "Yok",
              "vi": "Không",
              "zh-CN": "无",
              "zh-TW": "無"
            }
          },
          {
            "value": "0.05em",
            "label": {
              "cs": "Malé",
              "da": "Lille",
              "de": "Klein",
              "en": "Small",
              "es": "Pequeña",
              "fi": "Pieni",
              "fr": "Petit",
              "it": "Small",
              "ja": "小",
              "ko": "스몰",
              "nb": "Liten",
              "nl": "Klein",
              "pl": "Mały",
              "pt-BR": "Pequeno",
              "pt-PT": "Pequeno",
              "sv": "Liten",
              "th": "เล็ก",
              "tr": "Küçük",
              "vi": "Nhỏ",
              "zh-CN": "小",
              "zh-TW": "小型"
            }
          },
          {
            "value": "0.1em",
            "label": {
              "cs": "Střední",
              "da": "Medium",
              "de": "Mitte",
              "en": "Medium",
              "es": "Mediano",
              "fi": "Keskisuuri",
              "fr": "Moyen",
              "it": "Medium",
              "ja": "中",
              "ko": "보통",
              "nb": "Middels",
              "nl": "Gemiddeld",
              "pl": "Średni",
              "pt-BR": "Médio",
              "pt-PT": "Média",
              "sv": "Medium",
              "th": "ปานกลาง",
              "tr": "Orta",
              "vi": "Trung bình",
              "zh-CN": "中等",
              "zh-TW": "中等"
            }
          },
          {
            "value": "0.2em",
            "label": {
              "cs": "Široké",
              "da": "Bred",
              "de": "Breit",
              "en": "Wide",
              "es": "Ancho",
              "fi": "Leveä",
              "fr": "Large",
              "it": "Orizzontale",
              "ja": "横長",
              "ko": "넓이",
              "nb": "Bred",
              "nl": "Breed",
              "pl": "Szeroki",
              "pt-BR": "Grande",
              "pt-PT": "Largo",
              "sv": "Bred",
              "th": "กว้าง",
              "tr": "Geniş",
              "vi": "Rộng",
              "zh-CN": "宽",
              "zh-TW": "寬"
            }
          }
        ]
      },
      {
        "type": "header",
        "content": {
          "cs": "Základní text",
          "da": "Brødtekst",
          "de": "Fließtext",
          "en": "Body text",
          "es": "Texto del cuerpo",
          "fi": "Leipäteksti",
          "fr": "Corps du texte",
          "it": "Corpo del testo",
          "ja": "本文",
          "ko": "본문 텍스트",
          "nb": "Brødtekst",
          "nl": "Hoofdtekst",
          "pl": "Tekst podstawowy",
          "pt-BR": "Corpo do texto",
          "pt-PT": "Corpo de texto",
          "sv": "Brödtext",
          "th": "ข้อความเนื้อหา",
          "tr": "Gövde metni",
          "vi": "Văn bản nội dung",
          "zh-CN": "正文文本",
          "zh-TW": "內文"
        }
      },
      {
        "type": "font_picker",
        "id": "type_base_family",
        "label": {
          "cs": "Písmo",
          "da": "Skrifttype",
          "de": "Schriftart",
          "en": "Font",
          "es": "Fuente",
          "fi": "Fontti",
          "fr": "Police",
          "it": "Font",
          "ja": "フォント",
          "ko": "폰트",
          "nb": "Skrifttype",
          "nl": "Lettertype",
          "pl": "Czcionka",
          "pt-BR": "Fonte",
          "pt-PT": "Tipo de letra",
          "sv": "Typsnitt",
          "th": "แบบอักษร",
          "tr": "Yazı tipi",
          "vi": "Phông chữ",
          "zh-CN": "字体",
          "zh-TW": "字型"
        },
        "default": "open_sans_n4"
      },
      {
        "type": "select",
        "id": "type_base_size",
        "label": {
          "cs": "Základní velikost",
          "da": "Basisstørrelse",
          "de": "Basisgröße",
          "en": "Base size",
          "es": "Tamaño de base",
          "fi": "Peruskoko",
          "fr": "Taille de base",
          "it": "Dimensione base",
          "ja": "基本サイズ",
          "ko": "기본 사이즈",
          "nb": "Grunnstørrelse",
          "nl": "Basisafmeting",
          "pl": "Rozmiar podstawowy",
          "pt-BR": "Tamanho básico",
          "pt-PT": "Tamanho básico",
          "sv": "Basstorlek",
          "th": "ขนาดพื้นฐาน",
          "tr": "Temel boyutu",
          "vi": "Cỡ cơ sở",
          "zh-CN": "基本尺寸",
          "zh-TW": "基本尺寸"
        },
        "options": [
          {
            "value": "14px",
            "label": {
              "cs": "14 px",
              "da": "14 px",
              "de": "14px",
              "en": "14px",
              "es": "14px",
              "fi": "14 pikseliä",
              "fr": "14 px",
              "it": "14 px",
              "ja": "14ピクセル",
              "ko": "14픽셀",
              "nb": "14px",
              "nl": "14px",
              "pl": "14 px",
              "pt-BR": "14px",
              "pt-PT": "14 px",
              "sv": "14 px",
              "th": "14px",
              "tr": "14 piksel",
              "vi": "14px",
              "zh-CN": "14 px",
              "zh-TW": "14px"
            }
          },
          {
            "value": "15px",
            "label": {
              "cs": "15 px",
              "da": "15 px",
              "de": "15px",
              "en": "15px",
              "es": "15px",
              "fi": "15 pikseliä",
              "fr": "15 px",
              "it": "15 px",
              "ja": "15ピクセル",
              "ko": "15픽셀",
              "nb": "15px",
              "nl": "15px",
              "pl": "15 px",
              "pt-BR": "15px",
              "pt-PT": "15 px",
              "sv": "15 px",
              "th": "15px",
              "tr": "15 piksel",
              "vi": "15px",
              "zh-CN": "15 px",
              "zh-TW": "15px"
            }
          },
          {
            "value": "16px",
            "label": {
              "cs": "16 px",
              "da": "16 px",
              "de": "16px",
              "en": "16px",
              "es": "16px",
              "fi": "16 pikseliä",
              "fr": "16 px",
              "it": "16 px",
              "ja": "16ピクセル",
              "ko": "16픽셀",
              "nb": "16px",
              "nl": "16px",
              "pl": "16 px",
              "pt-BR": "16px",
              "pt-PT": "16 px",
              "sv": "16 px",
              "th": "16px",
              "tr": "16 piksel",
              "vi": "16px",
              "zh-CN": "16 px",
              "zh-TW": "16px"
            }
          },
          {
            "value": "17px",
            "label": {
              "cs": "17 px",
              "da": "17 px",
              "de": "17px",
              "en": "17px",
              "es": "17px",
              "fi": "17 pikseliä",
              "fr": "17 px",
              "it": "17 px",
              "ja": "17ピクセル",
              "ko": "17픽셀",
              "nb": "17px",
              "nl": "17px",
              "pl": "17 px",
              "pt-BR": "17px",
              "pt-PT": "17 px",
              "sv": "17 px",
              "th": "17px",
              "tr": "17 piksel",
              "vi": "17px",
              "zh-CN": "17 px",
              "zh-TW": "17px"
            }
          }
        ]
      }
    ]
  },
  {
    "name": {
      "cs": "Košík",
      "da": "Indkøbskurv",
      "de": "Warenkorb",
      "en": "Cart",
      "es": "Carrito",
      "fi": "Ostoskori",
      "fr": "Panier",
      "it": "Carrello",
      "ja": "カート",
      "ko": "카트",
      "nb": "Handlekurv",
      "nl": "Winkelwagen",
      "pl": "Koszyk",
      "pt-BR": "Carrinho",
      "pt-PT": "Carrinho",
      "sv": "Kundvagn",
      "th": "ตะกร้าสินค้า",
      "tr": "Sepet",
      "vi": "Giỏ hàng",
      "zh-CN": "购物车",
      "zh-TW": "購物車"
    },
    "settings": [
      {
        "type": "select",
        "id": "cart_type",
        "label": {
          "cs": "Typ košíku",
          "da": "Indkøbskurvtype",
          "de": "Warenkorbstil",
          "en": "Cart type",
          "es": "Tipo de carrito",
          "fi": "Ostoskorin tyyppi",
          "fr": "Type de panier",
          "it": "Tipi di carrello",
          "ja": "カートタイプ",
          "ko": "카트 유형",
          "nb": "Handlekurvtype",
          "nl": "Winkelwagentype",
          "pl": "Typ koszyka",
          "pt-BR": "Tipo de carrinho",
          "pt-PT": "Tipo de carrinho",
          "sv": "Varukorgstyp",
          "th": "ประเภทตะกร้าสินค้า",
          "tr": "Sepet türü",
          "vi": "Loại giỏ hàng",
          "zh-CN": "购物车类型",
          "zh-TW": "購物車類型"
        },
        "options": [
          {
            "value": "page",
            "label": {
              "cs": "Stránka",
              "da": "Side",
              "de": "Seite",
              "en": "Page",
              "es": "Página",
              "fi": "Sivu",
              "fr": "Page",
              "it": "Pagina",
              "ja": "ページ",
              "ko": "페이지",
              "nb": "Side",
              "nl": "Pagina",
              "pl": "Strona",
              "pt-BR": "Página",
              "pt-PT": "Página",
              "sv": "Sida",
              "th": "หน้า",
              "tr": "Sayfa",
              "vi": "Trang",
              "zh-CN": "页面",
              "zh-TW": "頁面"
            }
          },
          {
            "value": "drawer",
            "label": {
              "cs": "Zásuvka",
              "da": "Skuffe",
              "de": "Einschub",
              "en": "Drawer",
              "es": "Cajón",
              "fi": "Laatikko",
              "fr": "Tiroir",
              "it": "Finestra",
              "ja": "ドロワー",
              "ko": "등록기",
              "nb": "Skuff",
              "nl": "Lade",
              "pl": "Szuflada",
              "pt-BR": "Caixa registradora",
              "pt-PT": "Gaveta",
              "sv": "Låda",
              "th": "ลิ้นชัก",
              "tr": "Çekmece",
              "vi": "Ngăn",
              "zh-CN": "抽屉",
              "zh-TW": "收銀機"
            }
          }
        ]
      },
      {
        "type": "checkbox",
        "id": "cart_notes_enable",
        "label": {
          "cs": "Povolit poznámky k objednávce",
          "da": "Aktivér ordrebemærkninger",
          "de": "Bestellhinweis aktivieren",
          "en": "Enable order notes",
          "es": "Habilitar notas de pedido",
          "fi": "Ota tilauksen kommentit käyttöön",
          "fr": "Activer les notes de commande",
          "it": "Abilita le note sugli ordini",
          "ja": "注文メモを有効にする",
          "ko": "주문 참고 사항 사용",
          "nb": "Aktiver bestillingsmerknader",
          "nl": "Opmerkingen bij bestellingen inschakelen",
          "pl": "Włącz uwagi dotyczące zamówienia",
          "pt-BR": "Habilitar observações de pedido",
          "pt-PT": "Ativar as notas de encomendas",
          "sv": "Aktivera orderanteckningar",
          "th": "เปิดใช้หมายเหตุของคำสั่งซื้อ",
          "tr": "Sipariş notlarını etkinleştir",
          "vi": "Bật ghi chú đơn hàng",
          "zh-CN": "启用订单备注",
          "zh-TW": "啟用訂單備註"
        }
      }
    ]
  },
  {
    "name": {
      "cs": "Sociální sítě",
      "da": "Sociale medier",
      "de": "Social Media",
      "en": "Social media",
      "es": "Redes sociales",
      "fi": "Some",
      "fr": "Médias sociaux",
      "it": "Social media",
      "ja": "SNS",
      "ko": "소셜 미디어",
      "nb": "Sosiale medier",
      "nl": "Social media",
      "pl": "Media społecznościowe",
      "pt-BR": "Redes sociais",
      "pt-PT": "Redes sociais",
      "sv": "Sociala medier",
      "th": "โซเชียลมีเดีย",
      "tr": "Sosyal medya",
      "vi": "Truyền thông xã hội",
      "zh-CN": "社交媒体",
      "zh-TW": "社交媒體"
    },
    "settings": [
      {
        "type": "header",
        "content": {
          "cs": "Účty",
          "da": "Konti",
          "de": "Konten",
          "en": "Accounts",
          "es": "Cuentas",
          "fi": "Tilit",
          "fr": "Comptes",
          "it": "Account",
          "ja": "アカウント",
          "ko": "계정",
          "nb": "Kontoer",
          "nl": "Accounts",
          "pl": "Konta",
          "pt-BR": "Contas",
          "pt-PT": "Contas",
          "sv": "Konton",
          "th": "บัญชี",
          "tr": "Hesaplar",
          "vi": "Tài khoản",
          "zh-CN": "账户",
          "zh-TW": "帳戶"
        }
      },
      {
        "type": "text",
        "id": "social_facebook_link",
        "label": {
          "cs": "Facebook",
          "da": "Facebook",
          "de": "Facebook",
          "en": "Facebook",
          "es": "Facebook",
          "fi": "Facebook",
          "fr": "Facebook",
          "it": "Facebook",
          "ja": "Facebook",
          "ko": "Facebook",
          "nb": "Facebook",
          "nl": "Facebook",
          "pl": "Facebook",
          "pt-BR": "Facebook",
          "pt-PT": "Facebook",
          "sv": "Facebook",
          "th": "Facebook",
          "tr": "Facebook",
          "vi": "Facebook",
          "zh-CN": "Facebook",
          "zh-TW": "Facebook"
        },
        "info": {
          "cs": "https://www.facebook.com/shopify",
          "da": "https://www.facebook.com/shopify",
          "de": "https://www.facebook.com/shopify",
          "en": "https://www.facebook.com/shopify",
          "es": "https://www.facebook.com/shopify",
          "fi": "https://www.facebook.com/shopify",
          "fr": "https://www.facebook.com/shopify",
          "it": "https://www.facebook.com/shopify",
          "ja": "https://www.facebook.com/shopify",
          "ko": "https://www.facebook.com/shopify",
          "nb": "https://www.facebook.com/shopify",
          "nl": "https://www.facebook.com/shopify",
          "pl": "https://www.facebook.com/shopify",
          "pt-BR": "https://www.facebook.com/shopify",
          "pt-PT": "https://www.facebook.com/shopify",
          "sv": "https://www.facebook.com/shopify",
          "th": "https://www.facebook.com/shopify",
          "tr": "https://www.facebook.com/shopify",
          "vi": "https://www.facebook.com/shopify",
          "zh-CN": "https://www.facebook.com/shopify",
          "zh-TW": "https://www.facebook.com/shopify"
        }
      },
      {
        "type": "text",
        "id": "social_twitter_link",
        "label": {
          "cs": "Twitter",
          "da": "Twitter",
          "de": "Twitter",
          "en": "Twitter",
          "es": "Twitter",
          "fi": "Twitter",
          "fr": "Twitter",
          "it": "Twitter",
          "ja": "Twitter",
          "ko": "Twitter",
          "nb": "Twitter",
          "nl": "Twitter",
          "pl": "Twitter",
          "pt-BR": "Twitter",
          "pt-PT": "Twitter",
          "sv": "Twitter",
          "th": "Twitter",
          "tr": "Twitter",
          "vi": "Twitter",
          "zh-CN": "Twitter",
          "zh-TW": "Twitter"
        },
        "info": {
          "cs": "https://twitter.com/shopify",
          "da": "https://twitter.com/shopify",
          "de": "https://twitter.com/shopify",
          "en": "https://twitter.com/shopify",
          "es": "https://twitter.com/shopify",
          "fi": "https://twitter.com/shopify",
          "fr": "https://twitter.com/shopify",
          "it": "https://twitter.com/shopify",
          "ja": "https://twitter.com/shopify",
          "ko": "https://twitter.com/shopify",
          "nb": "https://twitter.com/shopify",
          "nl": "https://twitter.com/shopify",
          "pl": "https://twitter.com/shopify",
          "pt-BR": "https://twitter.com/shopify",
          "pt-PT": "https://twitter.com/shopify",
          "sv": "https://twitter.com/shopify",
          "th": "https://twitter.com/shopify",
          "tr": "https://twitter.com/shopify",
          "vi": "https://twitter.com/shopify",
          "zh-CN": "https://twitter.com/shopify",
          "zh-TW": "https://twitter.com/shopify"
        }
      },
      {
        "type": "text",
        "id": "social_pinterest_link",
        "label": {
          "cs": "Pinterest",
          "da": "Pinterest",
          "de": "Pinterest",
          "en": "Pinterest",
          "es": "Pinterest",
          "fi": "Pinterest",
          "fr": "Pinterest",
          "it": "Pinterest",
          "ja": "Pinterest",
          "ko": "Pinterest",
          "nb": "Pinterest",
          "nl": "Pinterest",
          "pl": "Pinterest",
          "pt-BR": "Pinterest",
          "pt-PT": "Pinterest",
          "sv": "Pinterest",
          "th": "Pinterest",
          "tr": "Pinterest",
          "vi": "Pinterest",
          "zh-CN": "Pinterest",
          "zh-TW": "Pinterest"
        },
        "info": {
          "cs": "https://www.pinterest.com/shopify",
          "da": "https://www.pinterest.com/shopify",
          "de": "https://www.pinterest.com/shopify",
          "en": "https://www.pinterest.com/shopify",
          "es": "https://www.pinterest.com/shopify",
          "fi": "https://www.pinterest.com/shopify",
          "fr": "https://www.pinterest.com/shopify",
          "it": "https://www.pinterest.com/shopify",
          "ja": "https://www.pinterest.com/shopify",
          "ko": "https://www.pinterest.com/shopify",
          "nb": "https://www.pinterest.com/shopify",
          "nl": "https://www.pinterest.com/shopify",
          "pl": "https://www.pinterest.com/shopify",
          "pt-BR": "https://www.pinterest.com/shopify",
          "pt-PT": "https://www.pinterest.com/shopify",
          "sv": "https://www.pinterest.com/shopify",
          "th": "https://www.pinterest.com/shopify",
          "tr": "https://www.pinterest.com/shopify",
          "vi": "https://www.pinterest.com/shopify",
          "zh-CN": "https://www.pinterest.com/shopify",
          "zh-TW": "https://www.pinterest.com/shopify"
        }
      },
      {
        "type": "text",
        "id": "social_instagram_link",
        "label": {
          "cs": "Instagram",
          "da": "Instagram",
          "de": "Instagram",
          "en": "Instagram",
          "es": "Instagram",
          "fi": "Instagram",
          "fr": "Instagram",
          "it": "Instagram",
          "ja": "Instagram",
          "ko": "Instagram",
          "nb": "Instagram",
          "nl": "Instagram",
          "pl": "Instagram",
          "pt-BR": "Instagram",
          "pt-PT": "Instagram",
          "sv": "Instagram",
          "th": "Instagram",
          "tr": "Instagram",
          "vi": "Instagram",
          "zh-CN": "Instagram",
          "zh-TW": "Instagram"
        },
        "info": {
          "cs": "https://instagram.com/shopify",
          "da": "https://instagram.com/shopify",
          "de": "https://instagram.com/shopify",
          "en": "https://instagram.com/shopify",
          "es": "https://instagram.com/shopify",
          "fi": "https://instagram.com/shopify",
          "fr": "https://instagram.com/shopify",
          "it": "https://instagram.com/shopify",
          "ja": "https://instagram.com/shopify",
          "ko": "https://instagram.com/shopify",
          "nb": "https://instagram.com/shopify",
          "nl": "https://instagram.com/shopify",
          "pl": "https://instagram.com/shopify",
          "pt-BR": "https://instagram.com/shopify",
          "pt-PT": "https://instagram.com/shopify",
          "sv": "https://instagram.com/shopify",
          "th": "https://instagram.com/shopify",
          "tr": "https://instagram.com/shopify",
          "vi": "https://instagram.com/shopify",
          "zh-CN": "https://instagram.com/shopify",
          "zh-TW": "https://instagram.com/shopify"
        }
      },
      {
        "type": "text",
        "id": "social_snapchat_link",
        "label": {
          "cs": "Snapchat",
          "da": "Snapchat",
          "de": "Snapchat",
          "en": "Snapchat",
          "es": "Snapchat",
          "fi": "Snapchat",
          "fr": "Snapchat",
          "it": "Snapchat",
          "ja": "Snapchat",
          "ko": "Snapchat",
          "nb": "Snapchat",
          "nl": "Snapchat",
          "pl": "Snapchat",
          "pt-BR": "Snapchat",
          "pt-PT": "Snapchat",
          "sv": "Snapchat",
          "th": "Snapchat",
          "tr": "Snapchat",
          "vi": "Snapchat",
          "zh-CN": "Snapchat",
          "zh-TW": "Snapchat"
        },
        "info": {
          "cs": "https://snapchat.com/add/shopify",
          "da": "https://snapchat.com/add/shopify",
          "de": "https://snapchat.com/add/shopify",
          "en": "https://snapchat.com/add/shopify",
          "es": "https://snapchat.com/add/shopify",
          "fi": "https://snapchat.com/add/shopify",
          "fr": "https://snapchat.com/add/shopify",
          "it": "https://snapchat.com/add/shopify",
          "ja": "https://snapchat.com/add/shopify",
          "ko": "https://snapchat.com/add/shopify",
          "nb": "https://snapchat.com/add/shopify",
          "nl": "https://snapchat.com/add/shopify",
          "pl": "https://snapchat.com/add/shopify",
          "pt-BR": "https://www.snapchat.com/add/shopify",
          "pt-PT": "https://snapchat.com/add/shopify",
          "sv": "https://snapchat.com/add/shopify",
          "th": "https://snapchat.com/add/shopify",
          "tr": "https://snapchat.com/add/shopify",
          "vi": "https://snapchat.com/add/shopify",
          "zh-CN": "https://snapchat.com/add/shopify",
          "zh-TW": "https://snapchat.com/add/shopify"
        }
      },
      {
        "type": "text",
        "id": "social_google_plus_link",
        "label": {
          "cs": "Google Plus",
          "da": "Google Plus",
          "de": "Google Plus",
          "en": "Google Plus",
          "es": "Google Plus",
          "fi": "Google Plus",
          "fr": "Google Plus",
          "it": "Google Plus",
          "ja": "Google Plus",
          "ko": "Google 플러스",
          "nb": "Google Plus",
          "nl": "Google Plus",
          "pl": "Google Plus",
          "pt-BR": "Google Plus",
          "pt-PT": "Google Plus",
          "sv": "Google Plus",
          "th": "Google Plus",
          "tr": "Google Plus",
          "vi": "Google Plus",
          "zh-CN": "Google Plus",
          "zh-TW": "Google+"
        },
        "info": {
          "cs": "https://plus.google.com/+shopify",
          "da": "https://plus.google.com/+shopify",
          "de": "https://plus.google.com/+shopify",
          "en": "https://plus.google.com/+shopify",
          "es": "https://plus.google.com/+shopify",
          "fi": "https://plus.google.com/+shopify",
          "fr": "https://plus.google.com/+shopify",
          "it": "https://plus.google.com/+shopify",
          "ja": "https://plus.google.com/+shopify",
          "ko": "https://plus.google.com/+shopify",
          "nb": "https://plus.google.com/+shopify",
          "nl": "https://plus.google.com/+shopify",
          "pl": "https://plus.google.com/+shopify",
          "pt-BR": "https://plus.google.com/+shopify",
          "pt-PT": "https://plus.google.com/+shopify",
          "sv": "https://plus.google.com/+shopify",
          "th": "https://plus.google.com/+shopify",
          "tr": "https://plus.google.com/+shopify",
          "vi": "https://plus.google.com/+shopify",
          "zh-CN": "https://plus.google.com/+shopify",
          "zh-TW": "https://plus.google.com/+shopify"
        }
      },
      {
        "type": "text",
        "id": "social_tumblr_link",
        "label": {
          "cs": "Tumblr",
          "da": "Tumblr",
          "de": "Tumblr",
          "en": "Tumblr",
          "es": "Tumblr",
          "fi": "Tumblr",
          "fr": "Tumblr",
          "it": "Tumblr",
          "ja": "Tumblr",
          "ko": "Tumblr",
          "nb": "Tumblr",
          "nl": "Tumblr",
          "pl": "Tumblr",
          "pt-BR": "Tumblr",
          "pt-PT": "Tumblr",
          "sv": "Tumblr",
          "th": "Tumblr",
          "tr": "Tumblr",
          "vi": "Tumblr",
          "zh-CN": "Tumblr",
          "zh-TW": "Tumblr"
        },
        "info": {
          "cs": "http://shopify.tumblr.com",
          "da": "http://shopify.tumblr.com",
          "de": "http://shopify.tumblr.com",
          "en": "http://shopify.tumblr.com",
          "es": "http://shopify.tumblr.com",
          "fi": "http://shopify.tumblr.com",
          "fr": "http://shopify.tumblr.com",
          "it": "http://shopify.tumblr.com",
          "ja": "http://shopify.tumblr.com",
          "ko": "http://shopify.tumblr.com",
          "nb": "http://shopify.tumblr.com",
          "nl": "http://shopify.tumblr.com",
          "pl": "http://shopify.tumblr.com",
          "pt-BR": "http://shopify.tumblr.com",
          "pt-PT": "http://shopify.tumblr.com",
          "sv": "http://shopify.tumblr.com",
          "th": "http://shopify.tumblr.com",
          "tr": "http://shopify.tumblr.com",
          "vi": "http://shopify.tumblr.com",
          "zh-CN": "http://shopify.tumblr.com",
          "zh-TW": "http://shopify.tumblr.com"
        }
      },
      {
        "type": "text",
        "id": "social_youtube_link",
        "label": {
          "cs": "YouTube",
          "da": "YouTube",
          "de": "Youtube",
          "en": "YouTube",
          "es": "Youtube",
          "fi": "YouTube",
          "fr": "YouTube",
          "it": "YouTube",
          "ja": "YouTube",
          "ko": "YouTube",
          "nb": "YouTube",
          "nl": "YouTube",
          "pl": "Youtube",
          "pt-BR": "YouTube",
          "pt-PT": "YouTube",
          "sv": "YouTube",
          "th": "YouTube",
          "tr": "YouTube",
          "vi": "YouTube",
          "zh-CN": "YouTube",
          "zh-TW": "YouTube"
        },
        "info": {
          "cs": "https://www.youtube.com/user/shopify",
          "da": "https://www.youtube.com/user/shopify",
          "de": "https://www.youtube.com/user/shopify",
          "en": "https://www.youtube.com/user/shopify",
          "es": "https://www.youtube.com/user/shopify",
          "fi": "https://www.youtube.com/user/shopify",
          "fr": "https://www.youtube.com/user/shopify",
          "it": "https://www.youtube.com/user/shopify",
          "ja": "https://www.youtube.com/user/shopify",
          "ko": "https://www.youtube.com/user/shopify",
          "nb": "https://www.youtube.com/user/shopify",
          "nl": "https://www.youtube.com/user/shopify",
          "pl": "https://www.youtube.com/user/shopify",
          "pt-BR": "https://www.youtube.com/user/shopify",
          "pt-PT": "https://www.youtube.com/user/shopify",
          "sv": "https://www.youtube.com/user/shopify",
          "th": "https://www.youtube.com/user/shopify",
          "tr": "https://www.youtube.com/user/shopify",
          "vi": "https://www.youtube.com/user/shopify",
          "zh-CN": "https://www.youtube.com/user/shopify",
          "zh-TW": "https://www.youtube.com/user/shopify"
        }
      },
      {
        "type": "text",
        "id": "social_vimeo_link",
        "label": {
          "cs": "Vimeo",
          "da": "Vimeo",
          "de": "Vimeo",
          "en": "Vimeo",
          "es": "Vimeo",
          "fi": "Vimeo",
          "fr": "Vimeo",
          "it": "Vimeo",
          "ja": "Vimeo",
          "ko": "Vimeo",
          "nb": "Vimeo",
          "nl": "Vimeo",
          "pl": "Vimeo",
          "pt-BR": "Vimeo",
          "pt-PT": "Vimeo",
          "sv": "Vimeo",
          "th": "Vimeo",
          "tr": "Vimeo",
          "vi": "Vimeo",
          "zh-CN": "Vimeo",
          "zh-TW": "Vimeo"
        },
        "info": {
          "cs": "https://vimeo.com/shopify",
          "da": "https://vimeo.com/shopify",
          "de": "https://vimeo.com/shopify",
          "en": "https://vimeo.com/shopify",
          "es": "https://vimeo.com/shopify",
          "fi": "https://vimeo.com/shopify",
          "fr": "https://vimeo.com/shopify",
          "it": "https://vimeo.com/shopify",
          "ja": "https://vimeo.com/shopify",
          "ko": "https://vimeo.com/shopify",
          "nb": "https://vimeo.com/shopify",
          "nl": "https://vimeo.com/shopify",
          "pl": "https://vimeo.com/shopify",
          "pt-BR": "https://vimeo.com/shopify",
          "pt-PT": "https://vimeo.com/shopify",
          "sv": "https://vimeo.com/shopify",
          "th": "https://vimeo.com/shopify",
          "tr": "https://vimeo.com/shopify",
          "vi": "https://vimeo.com/shopify",
          "zh-CN": "https://vimeo.com/shopify",
          "zh-TW": "https://vimeo.com/shopify"
        }
      },
      {
        "type": "text",
        "id": "social_fancy_link",
        "label": {
          "cs": "Fancy",
          "da": "Fancy",
          "de": "Fancy",
          "en": "Fancy",
          "es": "Fancy",
          "fi": "Fancy",
          "fr": "Fancy",
          "it": "Fancy",
          "ja": "Fancy",
          "ko": "팬시",
          "nb": "Fancy",
          "nl": "Chique",
          "pl": "Fancy",
          "pt-BR": "Fancy",
          "pt-PT": "Fancy",
          "sv": "Fancy",
          "th": "Fancy",
          "tr": "Fancy",
          "vi": "Fancy",
          "zh-CN": "Fancy",
          "zh-TW": "Fancy"
        },
        "info": {
          "cs": "http://fancy.com/Shopify",
          "da": "http://fancy.com/Shopify",
          "de": "http://fancy.com/Shopify",
          "en": "http://fancy.com/Shopify",
          "es": "http://fancy.com/Shopify",
          "fi": "http://fancy.com/Shopify",
          "fr": "http://fancy.com/Shopify",
          "it": "http://fancy.com/Shopify",
          "ja": "http://fancy.com/Shopify",
          "ko": "http://fancy.com/Shopify",
          "nb": "http://fancy.com/Shopify",
          "nl": "http://fancy.com/Shopify",
          "pl": "http://fancy.com/Shopify",
          "pt-BR": "http://fancy.com/Shopify",
          "pt-PT": "http://fancy.com/Shopify",
          "sv": "http://fancy.com/Shopify",
          "th": "http://fancy.com/Shopify",
          "tr": "http://fancy.com/Shopify",
          "vi": "http://fancy.com/Shopify",
          "zh-CN": "http://fancy.com/Shopify",
          "zh-TW": "http://fancy.com/Shopify"
        }
      },
      {
        "type": "header",
        "content": {
          "cs": "Možnosti sdílení",
          "da": "Muligheder for deling",
          "de": "Optionen zum Teilen",
          "en": "Sharing options",
          "es": "Opciones para compartir",
          "fi": "Jakamisasetukset",
          "fr": "Options de partage",
          "it": "Opzioni di condivisione",
          "ja": "シェアのオプション",
          "ko": "공유 옵션",
          "nb": "Alternativer for deling",
          "nl": "Opties voor delen",
          "pl": "Opcje udostępniania",
          "pt-BR": "Opções de compartilhamento",
          "pt-PT": "Opções de partilha",
          "sv": "Delningsalternativ",
          "th": "ตัวเลือกการแชร์",
          "tr": "Paylaşım seçenekleri",
          "vi": "Tùy chọn chia sẻ",
          "zh-CN": "共享选项",
          "zh-TW": "分享選項"
        }
      },
      {
        "type": "checkbox",
        "id": "share_facebook",
        "label": {
          "cs": "Sdílet na Facebooku",
          "da": "Del på Facebook",
          "de": "Auf Facebook teilen",
          "en": "Share on Facebook",
          "es": "Compartir en Facebook",
          "fi": "Jaa Facebookissa",
          "fr": "Partager sur Facebook",
          "it": "Condividi su Facebook",
          "ja": "Facebookでシェアする",
          "ko": "Facebook에서 공유",
          "nb": "Del på Facebook",
          "nl": "Delen op Facebook",
          "pl": "Udostępnij na Facebooku",
          "pt-BR": "Compartilhar no Facebook",
          "pt-PT": "Partilhe no Facebook",
          "sv": "Dela på Facebook",
          "th": "แชร์บน Facebook",
          "tr": "Facebook'ta paylaş",
          "vi": "Chia sẻ trên Facebook",
          "zh-CN": "在 Facebook 上共享",
          "zh-TW": "分享至 Facebook"
        }
      },
      {
        "type": "checkbox",
        "id": "share_twitter",
        "label": {
          "cs": "Tweetnout na Twitteru",
          "da": "Tweet på Twitter",
          "de": "Auf Twitter twittern",
          "en": "Tweet on Twitter",
          "es": "Tuitear en Twitter",
          "fi": "Twiittaa Twitterissä",
          "fr": "Tweeter sur Twitter",
          "it": "Twitta su Twitter",
          "ja": "Twitterに投稿する",
          "ko": "Twitter에서 트윗 작성",
          "nb": "Tweet på Twitter",
          "nl": "Twitteren op Twitter",
          "pl": "Tweetuj na Twitterze",
          "pt-BR": "Tuitar",
          "pt-PT": "Twittar no Twitter",
          "sv": "Twittra på Twitter",
          "th": "ทวีตบน Twitter",
          "tr": "Twitter'da tweet'le",
          "vi": "Tweet trên Twitter",
          "zh-CN": "在 Twitter 上发推文",
          "zh-TW": "在 Twitter 上發佈推文"
        }
      },
      {
        "type": "checkbox",
        "id": "share_pinterest",
        "label": {
          "cs": "Připnout na Pinterestu",
          "da": "Pin på Pinterest",
          "de": "Auf Pinterest pinnen",
          "en": "Pin on Pinterest",
          "es": "Pinear en Pinterest",
          "fi": "Pinnaa Pinterestissä",
          "fr": "Épingler sur Pinterest",
          "it": "Pinna su Pinterest",
          "ja": "Pinterestでピンする",
          "ko": "Pinterest에 고정하기",
          "nb": "Pin på Pinterest",
          "nl": "Pinnen op Pinterest",
          "pl": "Przypnij do tablicy Pinterest",
          "pt-BR": "Incluir como pin no Pinterest",
          "pt-PT": "Adicione no Pinterest",
          "sv": "Spara en pin på Pinterest",
          "th": "ปักหมุดบน Pinterest",
          "tr": "Pinterest'te pin ekle",
          "vi": "Ghim trên Pinterest",
          "zh-CN": "固定在 Pinterest 上",
          "zh-TW": "加入 Pinterest"
        }
      }
    ]
  },
  {
    "name": {
      "cs": "Favikona",
      "da": "Favoritikon",
      "de": "Favicon",
      "en": "Favicon",
      "es": "Favicon",
      "fi": "Favicon",
      "fr": "Favicon",
      "it": "Favicon",
      "ja": "ファビコン",
      "ko": "Favicon",
      "nb": "Favicon",
      "nl": "Favicon",
      "pl": "Ikona Favicon",
      "pt-BR": "Favicon",
      "pt-PT": "Favicon",
      "sv": "Favicon",
      "th": "Favicon",
      "tr": "Favicon",
      "vi": "Biểu tượng trang web",
      "zh-CN": "网站图标",
      "zh-TW": "Favicon"
    },
    "settings": [
      {
        "type": "image_picker",
        "id": "favicon",
        "label": {
          "cs": "Obrázek favikony",
          "da": "Billede for favoritikon",
          "de": "Favicon-Bild",
          "en": "Favicon image",
          "es": "Imagen de favicon",
          "fi": "Favicon-kuva",
          "fr": "Image favicon",
          "it": "Immagine favicon",
          "ja": "ファビコン画像",
          "ko": "파비콘 이미지",
          "nb": "Favicon-bilde",
          "nl": "Favicon-afbeelding",
          "pl": "Obraz ikony Favicon",
          "pt-BR": "Imagem favicon",
          "pt-PT": "Imagem Favicon",
          "sv": "Favicon-bild",
          "th": "รูปภาพ Favicon",
          "tr": "Favicon görseli",
          "vi": "Hình ảnh biểu tượng trang web",
          "zh-CN": "网站图标图片",
          "zh-TW": "Favicon 圖片"
        },
        "info": {
          "cs": "Dojde ke zmenšení na 32 × 32 px",
          "da": "Skaleres ned til 32 x 32 px",
          "de": "Wird auf 32 x 32 Pixel verkleinert.",
          "en": "Will be scaled down to 32 x 32px",
          "es": "Se reducirá a 32 x 32px",
          "fi": "Skaalataan 32 x 32 pikseliin",
          "fr": "Sera réduite à 32 x 32 px",
          "it": "Verrà ridimensionata a 32 x 32 pixel.",
          "ja": "32×32ピクセルに縮小されます。",
          "ko": "32x32 픽셀로 축소됩니다.",
          "nb": "Vil skaleres ned til 32 x 32 px",
          "nl": "Wordt verkleind tot 32x32 pixels",
          "pl": "Zostanie zmniejszony do rozmiaru 32 x 32 piksele.",
          "pt-BR": "Será reduzida para 32 x 32 pixels",
          "pt-PT": "Será reduzida para 32 x 32 px",
          "sv": "Kommer skalas ned till 32 x 32 px",
          "th": "จะถูกลดขนาดลงเป็น 32 x 32 พิกเซล",
          "tr": "Ölçeği 32 x 32 piksele düşürülür",
          "vi": "Sẽ được thu nhỏ xuống 32 x 32px",
          "zh-CN": "将缩小到 32 x 32px",
          "zh-TW": "將會縮小為 32 x 32 像素"
        }
      }
    ]
  }
]